epoch,val_loss,step,val_f1_score,val_accuracy
0,1.5340505838394165,4,0.23529411852359772,0.23529411852359772
