step,val_f1_score,val_loss,val_accuracy,epoch
8,0.21568627655506134,1.4635372161865234,0.21568627655506134,0
